city,county
abington,Montgomery
aldan,Delaware
ambler,Montgomery
ardmore,Montgomery
aston,Delaware
audubon,Montgomery
avondale,Chester
bala cynwyd,Montgomery
bensalem,Bucks
berwyn,Chester
bethel,Delaware
birchrunville,Chester
blooming glen,Bucks
blue bell,Montgomery
boothwyn,Delaware
boyertown,Berks
bridgeport,Montgomery
bristol,Bucks
brookhaven,Delaware
broomall,Delaware
bryn athyn,Montgomery
bryn mawr,Delaware
buckingham,Bucks
bucks,Bucks
carversville,Bucks
cedars,Montgomery
center square,Montgomery
chadds ford,Delaware
chalfont,Bucks
cheltenham,Montgomery
chester,Delaware
chester springs,Chester
chesterbrook,Chester
chichester,Delaware
churchville,Bucks
clifton heights,Delaware
coatesville,Chester
collegeville,Montgomery
collingdale,Delaware
colmar,Montgomery
concord township,Delaware
conshohocken,Montgomery
croydon,Bucks
crum lynne,Delaware
darby,Delaware
devon,Chester
downingtown,Chester
doylestown,Bucks
dresher,Montgomery
drexel hill,Delaware
dublin,Bucks
eagleville,Montgomery
east falls,Philadelphia
east lansdowne,Delaware
east norriton,Montgomery
eddington,Bucks
eddystone,Delaware
elkins park,Montgomery
elverson,Chester
erdenheim,Montgomery
essington,Delaware
exton,Chester
fairless hills,Bucks
fairview village,Montgomery
feasterville trevose,Bucks
flourtown,Montgomery
folcroft,Delaware
folsom,Delaware
fort washington,Delaware
franconia,Montgomery
frazer,Chester
furlong,Bucks
gardenville,Bucks
garnet valley,Delaware
gilbertsville,Montgomery
gladwyne,Montgomery
glen mills,Delaware
glenmoore,Chester
glenolden,Delaware
glenside,Montgomery
green lane,Montgomery
gulph mills,Montgomery
gwynedd,Montgomery
harleysville,Montgomery
hatboro,Montgomery
hatfield,Montgomery
haverford,Delaware
havertown,Delaware
holicong,Bucks
holland,Bucks
hollywood,Montgomery
holmes,Delaware
horsham,Montgomery
hulmeville,Bucks
huntingdon valley,Montgomery
ivyland,Bucks
jamison,Bucks
jeffersonville,Montgomery
jenkintown,Montgomery
kennett square,Chester
kimberton,Chester
king of prussia,Montgomery
kirklyn,Delaware
kulpsville,Montgomery
lafayette hill,Montgomery
lahaska,Bucks
langhorne,Bucks
lansdale ,Montgomery
lansdowne,Delaware
lederach,Montgomery
lester,Delaware
levittown,Bucks
lima,Delaware
limerick,Montgomery
line lexington,Bucks
linfield,Montgomery
linwood,Delaware
lionville,Chester
lower merion,Delaware
lower providence,Montgomery
lower southampton township,Bucks
malvern,Chester
manayunk,Philadelphia
maple glen,Montgomery
marcus hook,Delaware
media,Delaware
melrose park,Montgomery
mendenhall,Chester
merion station,Montgomery
middletown,Bucks
mont clare,Montgomery
montgomery,Montgomery
montgomeryville,Montgomery
morrisville,Bucks
morton,Delaware
narberth,Montgomery
new britain,Bucks
new hope,Bucks
newportville,Bucks
newtown,Bucks
newtown square,Delaware
norristown,Montgomery
north wales,Montgomery
norwood,Delaware
oaks,Montgomery
oreland,Montgomery
paoli,Chester
penndel,Bucks
pennsburg,Montgomery
perkasie,Bucks
perkiomenville,Montgomery
philadelphia,Philadelphia
phoenixville,Chester
pine forge,Berks
pineville,Bucks
pipersville,Bucks
plumsteadville,Bucks
plymouth meeting,Montgomery
pottstown,Montgomery
primos,Delaware
prospect park,Delaware
quakertown,Bucks
radnor,Delaware
red hill,Montgomery
richboro,Bucks
ridley,Delaware
rockledge,Montgomery
rosemont,Montgomery
roslyn,Montgomery
royersford,Montgomery
saint peters,Chester
sanatoga,Montgomery
sassamansville,Montgomery
schwenksville,Montgomery
secane,Delaware
sellersville,Bucks
sharon hill,Delaware
silverdale,Bucks
skippack,Montgomery
souderton,Montgomery
southampton,Bucks
southwest philadelphia,Philadelphia
spring city,Chester
spring house,Montgomery
springfield,Delaware
st. davids,Chester
stowe,Montgomery
sumneytown,Montgomery
swarthmore,Delaware
swedeland,Montgomery
telford,Montgomery
thorndale,Chester
tinicum,Delaware
toughkenamon,Chester
trainer,Delaware
trappe,Montgomery
trevose,Bucks
trooper,Montgomery
tylersport,Montgomery
unionville,Chester
upland,Delaware
upper chichester,Delaware
upper darby,Delaware
upper moreland,Montgomery
upper pottsgrove,Montgomery
upper southampton,Bucks
villanova,Delaware
wallingford,Delaware
warminster,Bucks
warrington,Bucks
washington crossing,Bucks
wayne,Delaware
west bradford township,Chester
west chester,Chester
west conshohocken,Montgomery
west point,Montgomery
westtown,Chester
willow grove,Montgomery
woodlyn,Delaware
worcester,Montgomery
wrightstown,Bucks
wyncote,Montgomery
wyndmoor,Montgomery
wynnewood,Montgomery
yardley,Bucks
yeadon,Delaware
zieglerville,Montgomery